Depths of Solitude, J. Harper, Adventure, 2024-03-23, 2024-04-06
The Wandering Earth, C. Liu, Thriller, 2024-11-22, 2024-12-06
Falling Stars, J. Harper, Historical Fiction, 2024-08-31, 2024-09-14
The Shattered Crown, O. Quinn, Fantasy, 2024-07-09, 2024-07-23
The Crimson Path, M. Vega, Horror, 2024-05-13, 2024-05-27
The Crimson Path, R. Woods, Drama, 2024-09-04, 2024-09-18
The Ironclad Oath, D. Winters, Historical Fiction, 2024-09-28, 2024-10-12
Depths of Solitude, J. Harper, Romance, 2024-02-08, 2024-02-22
Eternal Sunrise, H. Acker, Fantasy, 2024-11-20, 2024-12-04
The Shattered Crown, O. Quinn, Thriller, 2024-06-02, 2024-06-16
Echoes of Eternity, U. Clark, Mystery, 2024-03-17, 2024-03-31
Shadows of the Moon, V. Knight, Dystopian, 2024-08-28, 2024-09-11
The Last Horizon, S. Hawthorne, Science Fiction, 2024-05-22, 2024-06-05
Paths Untrodden, L. Stone, Horror, 2024-05-14, 2024-05-28
Paths Untrodden, R. Woods, Historical Fiction, 2024-11-21, 2024-12-05
The Ironclad Oath, S. Hawthorne, Adventure, 2024-10-01, 2024-10-15
Falling Stars, R. Woods, Adventure, 2024-11-10, 2024-11-24
Paths Untrodden, M. Vega, Adventure, 2024-05-05, 2024-05-19
Falling Stars, M. Vega, Fantasy, 2024-11-23, 2024-12-07
Shadows of the Moon, J. Harper, Horror, 2024-03-02, 2024-03-16
The Alchemist, Paolo Coelho, Fiction, NULL, NULL
Object-Oriented Programming with C++, E Balagurusamy, Academic, NULL, NULL
The Da Vinci Code, Dan Brown, Fiction, NULL, NULL
The Silent Patient, Alex Michaelides, Thriller, 2024-01-10, 2024-01-24
Where the Crawdads Sing, Delia Owens, Mystery, 2024-02-15, 2024-03-01
Becoming, Michelle Obama, Biography, 2024-04-10, 2024-04-24
Educated, Tara Westover, Memoir, 2024-05-01, 2024-05-15
The Night Circus, Erin Morgenstern, Fantasy, 2024-06-20, 2024-07-04
The Goldfinch, Donna Tartt, Fiction, 2024-07-15, 2024-07-29
The Road, Cormac McCarthy, Dystopian, 2024-08-05, 2024-08-19
Sapiens, Yuval Noah Harari, Non-Fiction, 2024-09-10, 2024-09-24
The Catcher in the Rye, J.D. Salinger, Fiction, 2024-10-05, 2024-10-19
1984, George Orwell, Dystopian, 2024-11-15, 2024-11-29
The Great Gatsby, F. Scott Fitzgerald, Fiction, 2024-12-20, 2025-01-03
The Silent Patient, Alex Michaelides, Thriller, 2024-01-10, 2024-01-24
Where the Crawdads Sing, Delia Owens, Mystery, 2024-02-15, 2024-03-01
Becoming, Michelle Obama, Biography, 2024-04-10, 2024-04-24
Educated, Tara Westover, Memoir, 2024-05-01, 2024-05-15
The Night Circus, Erin Morgenstern, Fantasy, 2024-06-20, 2024-07-04
The Goldfinch, Donna Tartt, Fiction, 2024-07-15, 2024-07-29